{
  "layer_results": {
    "0": {
      "train_acc": 0.8925,
      "train_auc": 0.9084125000000001,
      "val_acc": 0.87,
      "val_auc": 0.8804,
      "test_acc": 0.89,
      "test_auc": 0.8973,
      "lr_train_acc": 0.8975,
      "lr_train_auc": 0.9056624999999999,
      "rand_acc_mean": 0.5279,
      "rand_acc_std": 0.3304755512893503
    },
    "1": {
      "train_acc": 0.89,
      "train_auc": 0.96365,
      "val_acc": 0.86,
      "val_auc": 0.9588,
      "test_acc": 0.88,
      "test_auc": 0.9587,
      "lr_train_acc": 0.99,
      "lr_train_auc": 0.99995,
      "rand_acc_mean": 0.5599999999999999,
      "rand_acc_std": 0.2409828832095757
    },
    "2": {
      "train_acc": 0.89,
      "train_auc": 0.969125,
      "val_acc": 0.86,
      "val_auc": 0.9636,
      "test_acc": 0.88,
      "test_auc": 0.9706,
      "lr_train_acc": 0.995,
      "lr_train_auc": 1.0,
      "rand_acc_mean": 0.48334999999999995,
      "rand_acc_std": 0.2674044735975821
    },
    "3": {
      "train_acc": 0.89,
      "train_auc": 0.9766,
      "val_acc": 0.86,
      "val_auc": 0.9696,
      "test_acc": 0.88,
      "test_auc": 0.9812000000000001,
      "lr_train_acc": 1.0,
      "lr_train_auc": 1.0,
      "rand_acc_mean": 0.57965,
      "rand_acc_std": 0.21712554548002866
    },
    "4": {
      "train_acc": 0.8875,
      "train_auc": 0.979475,
      "val_acc": 0.86,
      "val_auc": 0.974,
      "test_acc": 0.88,
      "test_auc": 0.9849,
      "lr_train_acc": 1.0,
      "lr_train_auc": 1.0,
      "rand_acc_mean": 0.45669999999999994,
      "rand_acc_std": 0.20586915747629608
    },
    "5": {
      "train_acc": 0.8925,
      "train_auc": 0.9845250000000001,
      "val_acc": 0.88,
      "val_auc": 0.9788,
      "test_acc": 0.88,
      "test_auc": 0.9874,
      "lr_train_acc": 1.0,
      "lr_train_auc": 1.0,
      "rand_acc_mean": 0.51875,
      "rand_acc_std": 0.22085473166767333
    },
    "6": {
      "train_acc": 0.8825,
      "train_auc": 0.9857250000000001,
      "val_acc": 0.86,
      "val_auc": 0.9808000000000001,
      "test_acc": 0.87,
      "test_auc": 0.9872000000000001,
      "lr_train_acc": 1.0,
      "lr_train_auc": 1.0,
      "rand_acc_mean": 0.5137,
      "rand_acc_std": 0.21575520851186883
    },
    "7": {
      "train_acc": 0.8875,
      "train_auc": 0.988625,
      "val_acc": 0.87,
      "val_auc": 0.9867999999999999,
      "test_acc": 0.875,
      "test_auc": 0.9904,
      "lr_train_acc": 1.0,
      "lr_train_auc": 1.0,
      "rand_acc_mean": 0.47955,
      "rand_acc_std": 0.18785346017574445
    },
    "8": {
      "train_acc": 0.9675,
      "train_auc": 0.99805,
      "val_acc": 0.95,
      "val_auc": 0.9976,
      "test_acc": 0.95,
      "test_auc": 0.9983000000000001,
      "lr_train_acc": 1.0,
      "lr_train_auc": 1.0,
      "rand_acc_mean": 0.51245,
      "rand_acc_std": 0.21917600803920123
    },
    "9": {
      "train_acc": 0.8625,
      "train_auc": 0.9979,
      "val_acc": 0.87,
      "val_auc": 0.996,
      "test_acc": 0.855,
      "test_auc": 0.9973000000000001,
      "lr_train_acc": 1.0,
      "lr_train_auc": 1.0,
      "rand_acc_mean": 0.44925000000000004,
      "rand_acc_std": 0.20319402673307108
    },
    "10": {
      "train_acc": 0.84,
      "train_auc": 0.997575,
      "val_acc": 0.85,
      "val_auc": 0.9964,
      "test_acc": 0.85,
      "test_auc": 0.9971,
      "lr_train_acc": 1.0,
      "lr_train_auc": 1.0,
      "rand_acc_mean": 0.48245,
      "rand_acc_std": 0.22346559578601805
    },
    "11": {
      "train_acc": 0.8575,
      "train_auc": 0.997125,
      "val_acc": 0.87,
      "val_auc": 0.9944000000000001,
      "test_acc": 0.855,
      "test_auc": 0.9968,
      "lr_train_acc": 1.0,
      "lr_train_auc": 1.0,
      "rand_acc_mean": 0.5429499999999999,
      "rand_acc_std": 0.22163635193713144
    },
    "12": {
      "train_acc": 0.96,
      "train_auc": 0.9992000000000001,
      "val_acc": 0.94,
      "val_auc": 0.9972000000000001,
      "test_acc": 0.96,
      "test_auc": 0.9995999999999999,
      "lr_train_acc": 1.0,
      "lr_train_auc": 1.0,
      "rand_acc_mean": 0.5305000000000001,
      "rand_acc_std": 0.18642692938521516
    },
    "13": {
      "train_acc": 0.965,
      "train_auc": 0.998575,
      "val_acc": 0.96,
      "val_auc": 0.996,
      "test_acc": 0.96,
      "test_auc": 0.9993,
      "lr_train_acc": 1.0,
      "lr_train_auc": 1.0,
      "rand_acc_mean": 0.4963,
      "rand_acc_std": 0.2231374240238513
    },
    "14": {
      "train_acc": 0.9825,
      "train_auc": 0.9979250000000001,
      "val_acc": 0.96,
      "val_auc": 0.9932,
      "test_acc": 0.97,
      "test_auc": 0.9982,
      "lr_train_acc": 1.0,
      "lr_train_auc": 1.0,
      "rand_acc_mean": 0.516,
      "rand_acc_std": 0.21751494201548546
    },
    "15": {
      "train_acc": 0.9625,
      "train_auc": 0.998,
      "val_acc": 0.93,
      "val_auc": 0.994,
      "test_acc": 0.955,
      "test_auc": 0.9975,
      "lr_train_acc": 1.0,
      "lr_train_auc": 1.0,
      "rand_acc_mean": 0.4984000000000001,
      "rand_acc_std": 0.22547991041332263
    },
    "16": {
      "train_acc": 0.96,
      "train_auc": 0.9976750000000001,
      "val_acc": 0.94,
      "val_auc": 0.9936,
      "test_acc": 0.955,
      "test_auc": 0.9966,
      "lr_train_acc": 1.0,
      "lr_train_auc": 1.0,
      "rand_acc_mean": 0.45765000000000006,
      "rand_acc_std": 0.1913402793454635
    },
    "17": {
      "train_acc": 0.9675,
      "train_auc": 0.9973500000000001,
      "val_acc": 0.95,
      "val_auc": 0.9928,
      "test_acc": 0.965,
      "test_auc": 0.9972,
      "lr_train_acc": 1.0,
      "lr_train_auc": 1.0,
      "rand_acc_mean": 0.55995,
      "rand_acc_std": 0.1819460703065609
    },
    "18": {
      "train_acc": 0.965,
      "train_auc": 0.997175,
      "val_acc": 0.94,
      "val_auc": 0.9916,
      "test_acc": 0.96,
      "test_auc": 0.9967,
      "lr_train_acc": 1.0,
      "lr_train_auc": 1.0,
      "rand_acc_mean": 0.5176000000000001,
      "rand_acc_std": 0.1757220532545645
    },
    "19": {
      "train_acc": 0.9725,
      "train_auc": 0.99745,
      "val_acc": 0.94,
      "val_auc": 0.9924,
      "test_acc": 0.975,
      "test_auc": 0.9975,
      "lr_train_acc": 1.0,
      "lr_train_auc": 1.0,
      "rand_acc_mean": 0.48435,
      "rand_acc_std": 0.17456145765890016
    },
    "20": {
      "train_acc": 0.965,
      "train_auc": 0.997425,
      "val_acc": 0.94,
      "val_auc": 0.9916,
      "test_acc": 0.955,
      "test_auc": 0.9971000000000001,
      "lr_train_acc": 1.0,
      "lr_train_auc": 1.0,
      "rand_acc_mean": 0.5072000000000001,
      "rand_acc_std": 0.17227640581344852
    },
    "21": {
      "train_acc": 0.9825,
      "train_auc": 0.99775,
      "val_acc": 0.98,
      "val_auc": 0.9948,
      "test_acc": 0.975,
      "test_auc": 0.9987,
      "lr_train_acc": 1.0,
      "lr_train_auc": 1.0,
      "rand_acc_mean": 0.47550000000000003,
      "rand_acc_std": 0.1629263637352777
    },
    "22": {
      "train_acc": 0.9875,
      "train_auc": 0.9979250000000001,
      "val_acc": 0.97,
      "val_auc": 0.9944,
      "test_acc": 0.98,
      "test_auc": 0.9987,
      "lr_train_acc": 1.0,
      "lr_train_auc": 1.0,
      "rand_acc_mean": 0.5160000000000001,
      "rand_acc_std": 0.17980197440517723
    },
    "23": {
      "train_acc": 0.985,
      "train_auc": 0.9977750000000001,
      "val_acc": 0.97,
      "val_auc": 0.9936,
      "test_acc": 0.98,
      "test_auc": 0.9983,
      "lr_train_acc": 1.0,
      "lr_train_auc": 1.0,
      "rand_acc_mean": 0.5267499999999999,
      "rand_acc_std": 0.19240858218904894
    },
    "24": {
      "train_acc": 0.98,
      "train_auc": 0.9979,
      "val_acc": 0.97,
      "val_auc": 0.9936,
      "test_acc": 0.97,
      "test_auc": 0.9980000000000001,
      "lr_train_acc": 1.0,
      "lr_train_auc": 1.0,
      "rand_acc_mean": 0.4888,
      "rand_acc_std": 0.1814285258717603
    },
    "25": {
      "train_acc": 0.98,
      "train_auc": 0.99775,
      "val_acc": 0.97,